{
  "project_info": {
    "project_number": "44453608774",
    "project_id": "routefinding-8ea3c",
    "storage_bucket": "routefinding-8ea3c.appspot.com"
  },
  "client": [
    {
      "client_info": {
        "mobilesdk_app_id": "1:44453608774:android:deb87062f0635091967947",
        "android_client_info": {
          "package_name": "com.example.myapplication"
        }
      },
      "oauth_client": [],
      "api_key": [
        {
          "current_key": "AIzaSyDmRCMM2OMCsouLtFz9u6hOLAiE0Bp_rU0"
        }
      ],
      "services": {
        "appinvite_service": {
          "other_platform_oauth_client": []
        }
      }
    }
  ],
  "configuration_version": "1"
}